"""'Job""","""'Workflow""","""'Failure rate""","""'Avg run time""","""'Avg queue time""","""'Runner type""","""'Runner labels""","""'Job runs"""
"""'Coverage test""","""'.github/workflows/Night_ALL_Coverage.yml""",0.00,14256969,3345,"""'self-hosted""","""'""",2
"""'Coverage test""","""'.github/workflows/Coverage.yml""",37.42,9263481,176461,"""'self-hosted""","""'""",155
"""'Windows-GPU / Build and test""","""'.github/workflows/CI-Windows.yml""",25.40,5998058,3120826,"""'self-hosted""","""'""",189
"""'Windows-Inference / Build and test""","""'.github/workflows/CI-Windows.yml""",16.40,5747298,98813,"""'self-hosted""","""'""",189
"""'PR-CI-SOT / Build and Test""","""'.github/workflows/CI.yml""",9.83,5484832,815096,"""'self-hosted""","""'""",173
"""'Linux-DCU / Test""","""'.github/workflows/CI.yml""",14.97,5281363,10144,"""'self-hosted""","""'""",147
"""'Coverage build""","""'.github/workflows/Coverage.yml""",8.11,5111457,769723,"""'self-hosted""","""'""",185
"""'Coverage build""","""'.github/workflows/Night_ALL_Coverage.yml""",0.00,4300969,5611,"""'self-hosted""","""'""",2
"""'Linux-XPU / Build""","""'.github/workflows/CI.yml""",4.19,3594894,4067313,"""'self-hosted""","""'""",167
"""'Linux-build / Build""","""'.github/workflows/CI-Build.yml""",6.82,3515728,774601,"""'self-hosted""","""'""",176
"""'Linux-DCU / Build""","""'.github/workflows/CI.yml""",5.17,3437253,481149,"""'self-hosted""","""'""",174
"""'Coverage build""","""'.github/workflows/H-Coverage.yml""",28.23,2986928,749910,"""'self-hosted""","""'""",209
"""'Auto-Parallel / Parallel test""","""'.github/workflows/CI-Build.yml""",17.45,2911521,2374338,"""'self-hosted""","""'""",149
"""'Distribute-stable-build / Build""","""'.github/workflows/CI.yml""",7.39,2833435,747947,"""'self-hosted""","""'""",176
"""'Distribute-stable / Build""","""'.github/workflows/CI.yml""",0.00,2755627,1665850,"""'self-hosted""","""'""",5
"""'Api benchmark build / Build""","""'.github/workflows/Api-Benchmark-baseline.yml""",0.00,2594425,3490,"""'self-hosted""","""'""",2
"""'PR-CI-Inference / Build""","""'.github/workflows/CI-Build.yml""",6.56,2247812,763673,"""'self-hosted""","""'""",183
"""'Linux-CPU / Build and test""","""'.github/workflows/CI.yml""",18.13,2241186,804653,"""'self-hosted""","""'""",182
"""'Windows-OPENBLAS / Build and test""","""'.github/workflows/CI-Windows.yml""",40.09,2129961,3114,"""'self-hosted""","""'""",232
"""'Linux-XPU / Test""","""'.github/workflows/CI.yml""",11.97,1731828,652252,"""'self-hosted""","""'""",142
"""'Coverage test""","""'.github/workflows/H-Coverage.yml""",25.17,1462318,26734,"""'self-hosted""","""'""",151
"""'Slice build / Build""","""'.github/workflows/Slice-baseline.yml""",0.00,1451653,4874535,"""'self-hosted""","""'""",1
"""'Api-Benchmark / Performance data storage""","""'.github/workflows/CI-Build.yml""",6.25,1402185,622592,"""'self-hosted""","""'self-hosted, api-bm""",144
"""'Model-Benchmark / Benchmark test""","""'.github/workflows/CI-Build.yml""",19.75,1398411,97788,"""'self-hosted""","""'""",157
"""'Api benchmark baseline with schedule (api-bm-20) / Performance data storage""","""'.github/workflows/Api-Benchmark-baseline.yml""",0.00,1388988,3326,"""'self-hosted""","""'self-hosted, api-bm-20""",2
"""'CE-Framework / Infer""","""'.github/workflows/CI-Build.yml""",1.37,1207669,176068,"""'self-hosted""","""'""",146
"""'Mac-CPU / Build and test""","""'.github/workflows/CI.yml""",14.52,1120323,92881,"""'self-hosted""","""'""",186
"""'CE-Framework / Test""","""'.github/workflows/CI-Build.yml""",7.43,870307,184153,"""'self-hosted""","""'""",148
"""'Distribute-stable-test / Test""","""'.github/workflows/CI.yml""",30.30,551356,205405,"""'self-hosted""","""'""",165
"""'CodeQL analysis (python)""","""'dynamic/copilot-pull-request-reviewer/copilot-pull-request-reviewer""",0.00,548455,4360,"""'hosted""","""'ubuntu-latest""",1
"""'Linux-NPU / Test""","""'.github/workflows/CI.yml""",0.00,531154,10606,"""'self-hosted""","""'""",127
"""'Slice test / Slice test""","""'.github/workflows/Slice-torch.yml""",0.00,518030,3136,"""'self-hosted""","""'""",1
"""'Distribute-stable / Test""","""'.github/workflows/CI.yml""",0.00,507829,65900,"""'self-hosted""","""'""",5
"""'Doc-Preview / Build doc""","""'.github/workflows/CI-Build.yml""",0.71,453896,203445,"""'self-hosted""","""'""",140
"""'PR-CI-Inference / Test""","""'.github/workflows/CI-Build.yml""",3.25,421813,13633,"""'self-hosted""","""'""",154
"""'Slice / Slice test""","""'.github/workflows/CI-Build.yml""",36.84,342739,130951,"""'self-hosted""","""'""",190
"""'Slice test / Slice test""","""'.github/workflows/Slice-baseline.yml""",0.00,342613,436593,"""'self-hosted""","""'""",1
"""'Static-Check / Test""","""'.github/workflows/CI-Build.yml""",32.74,305116,101402,"""'self-hosted""","""'""",168
"""'Coverage clone / Clone Paddle""","""'.github/workflows/Coverage.yml""",0.00,211882,134560,"""'self-hosted""","""'""",195
"""'Coverage clone / Clone Paddle""","""'.github/workflows/H-Coverage.yml""",0.00,210724,129465,"""'self-hosted""","""'""",187
"""'CE-CINN-Framework / CINN""","""'.github/workflows/CI-Build.yml""",0.70,207198,195190,"""'self-hosted""","""'""",143
"""'Clone-linux / Clone Paddle""","""'.github/workflows/CI-Build.yml""",0.00,200544,205853,"""'self-hosted""","""'""",191
"""'Clone-linux / Clone Paddle""","""'.github/workflows/CI.yml""",0.00,197543,228307,"""'self-hosted""","""'""",190
"""'Agent""","""'dynamic/copilot-pull-request-reviewer/copilot-pull-request-reviewer""",0.00,170481,2441,"""'hosted""","""'ubuntu-latest""",2
"""'Distribute-stable-formers / formers-Test""","""'.github/workflows/CI.yml""",98.33,168011,238974,"""'self-hosted""","""'""",239
"""'CE-Framework / Whl""","""'.github/workflows/CI-Build.yml""",0.00,163147,852468,"""'self-hosted""","""'""",141
"""'Slice-base clone / Clone Paddle""","""'.github/workflows/Slice-torch.yml""",0.00,136622,2853,"""'self-hosted""","""'""",1
"""'build docker images / Build docker""","""'.github/workflows/CI.yml""",0.00,129730,11385,"""'self-hosted""","""'""",186
"""'build docker images / Build docker""","""'.github/workflows/CI-Build.yml""",0.00,126088,13538,"""'self-hosted""","""'""",185
"""'Coverage build docker / Build docker""","""'.github/workflows/Coverage.yml""",0.00,123624,9998,"""'self-hosted""","""'""",187
"""'Clone-windows / Clone Paddle""","""'.github/workflows/CI-Windows.yml""",0.00,117399,19347,"""'self-hosted""","""'""",199
"""'Slice build docker / Build docker""","""'.github/workflows/Slice-baseline.yml""",0.00,113511,2384,"""'self-hosted""","""'""",1
"""'Slice-base clone / Clone Paddle""","""'.github/workflows/Slice-baseline.yml""",0.00,112929,3239,"""'self-hosted""","""'""",1
"""'Api benchmark build docker / Build docker""","""'.github/workflows/Api-Benchmark-baseline.yml""",0.00,100768,2533,"""'self-hosted""","""'""",2
"""'Api benchmark clone / Clone Paddle""","""'.github/workflows/Api-Benchmark-baseline.yml""",0.00,95531,3267,"""'self-hosted""","""'""",2
"""'Slice build docker / Build docker""","""'.github/workflows/Slice-torch.yml""",0.00,93113,2519,"""'self-hosted""","""'""",1
"""'Pre Commit""","""'.github/workflows/Codestyle-Check.yml""",10.34,43704,3361,"""'self-hosted""","""'""",203
"""'Check""","""'.github/workflows/CheckPRTemplate.yml""",17.41,29795,11328,"""'self-hosted""","""'""",316
"""'re-run""","""'.github/workflows/rerun.yml""",0.00,28979,3085,"""'self-hosted""","""'""",121
"""'Check approval""","""'.github/workflows/Approval.yml""",54.29,28206,3250,"""'self-hosted""","""'""",280
"""'Coverage build docker""","""'.github/workflows/Night_ALL_Coverage.yml""",0.00,22336,2585,"""'self-hosted""","""'""",2
"""'Check""","""'.github/workflows/CheckPRTemplate-fleety.yml""",35.71,21745,2682,"""'hosted""","""'ubuntu-latest""",14
"""'Windows-OPENBLAS / Check bypass / Check bypass""","""'.github/workflows/CI-Windows.yml""",0.00,12845,3112,"""'self-hosted""","""'""",193
"""'Windows-GPU / Check bypass / Check bypass""","""'.github/workflows/CI-Windows.yml""",0.00,11370,2875,"""'self-hosted""","""'""",194
"""'PR-CI-SOT / Check bypass / Check bypass""","""'.github/workflows/CI.yml""",0.00,11322,3526,"""'self-hosted""","""'""",180
"""'Linux-DCU / Check bypass / Check bypass""","""'.github/workflows/CI.yml""",0.00,11296,3713,"""'self-hosted""","""'""",181
"""'Windows-Inference / Check bypass / Check bypass""","""'.github/workflows/CI-Windows.yml""",0.00,11291,2957,"""'self-hosted""","""'""",193
"""'Distribute-stable-formers / Check bypass / Check bypass""","""'.github/workflows/CI.yml""",0.00,11278,3351,"""'self-hosted""","""'""",143
"""'Linux-XPU / Check bypass / Check bypass""","""'.github/workflows/CI.yml""",0.00,11267,3276,"""'self-hosted""","""'""",180
"""'PR-CI-Inference / Check bypass / Check bypass""","""'.github/workflows/CI-Build.yml""",0.00,11265,2984,"""'self-hosted""","""'""",180
"""'Api-Benchmark / Check bypass / Check bypass""","""'.github/workflows/CI-Build.yml""",0.00,11250,5476,"""'self-hosted""","""'""",142
"""'Slice / Check bypass / Check bypass""","""'.github/workflows/CI-Build.yml""",0.00,11248,10073,"""'self-hosted""","""'""",150
"""'Doc-Preview / Check bypass / Check bypass""","""'.github/workflows/CI-Build.yml""",0.00,11240,7148,"""'self-hosted""","""'""",137
"""'Auto-Parallel / Check bypass / Check bypass""","""'.github/workflows/CI-Build.yml""",0.00,11236,5875,"""'self-hosted""","""'""",142
"""'Distribute-stable-test / Check bypass / Check bypass""","""'.github/workflows/CI.yml""",0.00,11235,3138,"""'self-hosted""","""'""",148
"""'Linux-NPU / Check bypass / Check bypass""","""'.github/workflows/CI.yml""",0.00,11227,2584,"""'self-hosted""","""'""",127
"""'Model-Benchmark / Check bypass / Check bypass""","""'.github/workflows/CI-Build.yml""",0.00,11205,7226,"""'self-hosted""","""'""",143
"""'Doc-Preview / Check bypass for Doc-Preview / Check bypass""","""'.github/workflows/CI-Build.yml""",0.00,11144,11082,"""'self-hosted""","""'""",6
"""'Api benchmark baseline with schedule (api-bm-20) / Check bypass / Check bypass""","""'.github/workflows/Api-Benchmark-baseline.yml""",0.00,10649,2713,"""'self-hosted""","""'""",2
"""'Api benchmark baseline with schedule (api-bm-27) / Check bypass / Check bypass""","""'.github/workflows/Api-Benchmark-baseline.yml""",0.00,10329,2581,"""'self-hosted""","""'""",2
"""'Slice test / Check bypass / Check bypass""","""'.github/workflows/Slice-torch.yml""",0.00,9933,2516,"""'self-hosted""","""'""",1
"""'Slice test / Check bypass / Check bypass""","""'.github/workflows/Slice-baseline.yml""",0.00,9740,14194,"""'self-hosted""","""'""",1
"""'Upload results""","""'dynamic/copilot-pull-request-reviewer/copilot-pull-request-reviewer""",0.00,8660,2593,"""'hosted""","""'ubuntu-latest""",2
"""'Cleanup artifacts""","""'dynamic/copilot-pull-request-reviewer/copilot-pull-request-reviewer""",0.00,5091,3295,"""'hosted""","""'ubuntu-latest""",2
"""'Cancel Coverage for 76676""","""'.github/workflows/cancel-coverage.yml""",0.00,4504,2959,"""'hosted""","""'ubuntu-latest""",1
"""'Cancel CI-Build for 76687""","""'.github/workflows/cancel-CI-build.yml""",0.00,4131,2671,"""'hosted""","""'ubuntu-latest""",1
"""'Cancel CI for 76532""","""'.github/workflows/cancel-CI.yml""",0.00,4124,3434,"""'hosted""","""'ubuntu-latest""",1
"""'Cancel CI for 76749""","""'.github/workflows/cancel-CI.yml""",0.00,4108,2671,"""'hosted""","""'ubuntu-latest""",1
"""'Cancel CI for 76576""","""'.github/workflows/cancel-CI.yml""",0.00,4097,2464,"""'hosted""","""'ubuntu-latest""",1
"""'Cancel CI-Windows for 76752""","""'.github/workflows/cancel-windows.yml""",0.00,4073,3132,"""'hosted""","""'ubuntu-latest""",1
"""'Cancel Coverage for 76749""","""'.github/workflows/cancel-coverage.yml""",0.00,4062,2896,"""'hosted""","""'ubuntu-latest""",1
"""'Cancel Coverage for 76723""","""'.github/workflows/cancel-coverage.yml""",0.00,4054,3147,"""'hosted""","""'ubuntu-latest""",1
"""'Cancel Coverage for 76687""","""'.github/workflows/cancel-coverage.yml""",0.00,3991,2965,"""'hosted""","""'ubuntu-latest""",1
"""'Cancel CI for 76639""","""'.github/workflows/cancel-CI.yml""",0.00,3981,3061,"""'hosted""","""'ubuntu-latest""",1
"""'Cancel CI-Build for 76639""","""'.github/workflows/cancel-CI-build.yml""",0.00,3967,3832,"""'hosted""","""'ubuntu-latest""",1
"""'Cancel Coverage for 76674""","""'.github/workflows/cancel-coverage.yml""",0.00,3957,2611,"""'hosted""","""'ubuntu-latest""",1
"""'Cancel CI for 76743""","""'.github/workflows/cancel-CI.yml""",0.00,3939,4171,"""'hosted""","""'ubuntu-latest""",1
"""'Cancel CI-Build for 76695""","""'.github/workflows/cancel-CI-build.yml""",0.00,3905,3078,"""'hosted""","""'ubuntu-latest""",1
"""'Cancel CI-Windows for 76685""","""'.github/workflows/cancel-windows.yml""",0.00,3897,2814,"""'hosted""","""'ubuntu-latest""",1
"""'Cancel Coverage for 76716""","""'.github/workflows/cancel-coverage.yml""",0.00,3892,2294,"""'hosted""","""'ubuntu-latest""",1
"""'Cancel Coverage for 76681""","""'.github/workflows/cancel-coverage.yml""",0.00,3891,2570,"""'hosted""","""'ubuntu-latest""",1
"""'Remove skip-ci labels on new commits""","""'.github/workflows/remove-skip-ci-labels.yml""",0.00,3887,2807,"""'hosted""","""'ubuntu-latest""",150
"""'Cancel CI-Build for 76680""","""'.github/workflows/cancel-CI-build.yml""",0.00,3885,2656,"""'hosted""","""'ubuntu-latest""",1
"""'Cancel CI for 76723""","""'.github/workflows/cancel-CI.yml""",0.00,3881,2737,"""'hosted""","""'ubuntu-latest""",1
"""'Cancel Coverage for 76639""","""'.github/workflows/cancel-coverage.yml""",0.00,3876,3006,"""'hosted""","""'ubuntu-latest""",1
"""'Cancel CI-Build for 76693""","""'.github/workflows/cancel-CI-build.yml""",0.00,3875,5606,"""'hosted""","""'ubuntu-latest""",1
"""'Cancel Coverage for 76553""","""'.github/workflows/cancel-coverage.yml""",0.00,3857,5106,"""'hosted""","""'ubuntu-latest""",1
"""'Cancel Coverage for 76730""","""'.github/workflows/cancel-coverage.yml""",0.00,3832,2265,"""'hosted""","""'ubuntu-latest""",1
"""'Cancel CI-Build for 76717""","""'.github/workflows/cancel-CI-build.yml""",0.00,3824,2291,"""'hosted""","""'ubuntu-latest""",1
"""'Cancel CI-Build for 76704""","""'.github/workflows/cancel-CI-build.yml""",0.00,3821,3109,"""'hosted""","""'ubuntu-latest""",1
"""'Cancel Coverage for 76707""","""'.github/workflows/cancel-coverage.yml""",0.00,3814,2469,"""'hosted""","""'ubuntu-latest""",1
"""'Cancel CI-Build for 76677""","""'.github/workflows/cancel-CI-build.yml""",0.00,3810,2796,"""'hosted""","""'ubuntu-latest""",1
"""'Cancel CI for 76549""","""'.github/workflows/cancel-CI.yml""",0.00,3797,5987,"""'hosted""","""'ubuntu-latest""",1
"""'Cancel Coverage for 76661""","""'.github/workflows/cancel-coverage.yml""",0.00,3795,7384,"""'hosted""","""'ubuntu-latest""",1
"""'Cancel CI-Windows for 76681""","""'.github/workflows/cancel-windows.yml""",0.00,3793,2715,"""'hosted""","""'ubuntu-latest""",1
"""'Cancel CI-Windows for 76730""","""'.github/workflows/cancel-windows.yml""",0.00,3792,2151,"""'hosted""","""'ubuntu-latest""",1
"""'Cancel CI-Build for 76690""","""'.github/workflows/cancel-CI-build.yml""",0.00,3789,5752,"""'hosted""","""'ubuntu-latest""",1
"""'Cancel CI-Windows for 76723""","""'.github/workflows/cancel-windows.yml""",0.00,3788,2374,"""'hosted""","""'ubuntu-latest""",1
"""'Cancel CI for 76660""","""'.github/workflows/cancel-CI.yml""",0.00,3788,2789,"""'hosted""","""'ubuntu-latest""",1
"""'Cancel CI-Windows for 76687""","""'.github/workflows/cancel-windows.yml""",0.00,3782,2405,"""'hosted""","""'ubuntu-latest""",1
"""'Cancel Coverage for 76742""","""'.github/workflows/cancel-coverage.yml""",0.00,3781,2268,"""'hosted""","""'ubuntu-latest""",1
"""'Cancel CI-Windows for 76679""","""'.github/workflows/cancel-windows.yml""",0.00,3773,2325,"""'hosted""","""'ubuntu-latest""",1
"""'Cancel Coverage for 76717""","""'.github/workflows/cancel-coverage.yml""",0.00,3773,2363,"""'hosted""","""'ubuntu-latest""",1
"""'Cancel CI-Windows for 76741""","""'.github/workflows/cancel-windows.yml""",0.00,3771,1958760,"""'hosted""","""'ubuntu-latest""",1
"""'Cancel CI for 76652""","""'.github/workflows/cancel-CI.yml""",0.00,3765,5698,"""'hosted""","""'ubuntu-latest""",1
"""'Cancel CI-Windows for 76704""","""'.github/workflows/cancel-windows.yml""",0.00,3763,3033,"""'hosted""","""'ubuntu-latest""",1
"""'Cancel CI-Windows for 76740""","""'.github/workflows/cancel-windows.yml""",0.00,3763,2655,"""'hosted""","""'ubuntu-latest""",1
"""'Cancel CI-Build for 76671""","""'.github/workflows/cancel-CI-build.yml""",0.00,3761,2694,"""'hosted""","""'ubuntu-latest""",1
"""'Cancel CI-Windows for 76727""","""'.github/workflows/cancel-windows.yml""",0.00,3760,2803,"""'hosted""","""'ubuntu-latest""",1
"""'Cancel CI-Windows for 76690""","""'.github/workflows/cancel-windows.yml""",0.00,3758,2798,"""'hosted""","""'ubuntu-latest""",1
"""'Cancel CI for 76606""","""'.github/workflows/cancel-CI.yml""",0.00,3747,3042,"""'hosted""","""'ubuntu-latest""",1
"""'Cancel Coverage for 76576""","""'.github/workflows/cancel-coverage.yml""",0.00,3732,3489,"""'hosted""","""'ubuntu-latest""",1
"""'Cancel CI-Build for 76742""","""'.github/workflows/cancel-CI-build.yml""",0.00,3730,2232,"""'hosted""","""'ubuntu-latest""",1
"""'Cancel CI-Windows for 76667""","""'.github/workflows/cancel-windows.yml""",0.00,3728,3172,"""'hosted""","""'ubuntu-latest""",1
"""'Cancel CI for 76744""","""'.github/workflows/cancel-CI.yml""",0.00,3723,2976,"""'hosted""","""'ubuntu-latest""",1
"""'Cancel CI for 76719""","""'.github/workflows/cancel-CI.yml""",0.00,3722,2893,"""'hosted""","""'ubuntu-latest""",1
"""'Cancel Coverage for 76552""","""'.github/workflows/cancel-coverage.yml""",0.00,3718,2489,"""'hosted""","""'ubuntu-latest""",1
"""'Cancel CI for 76695""","""'.github/workflows/cancel-CI.yml""",0.00,3716,3177,"""'hosted""","""'ubuntu-latest""",1
"""'Cancel CI-Windows for 76684""","""'.github/workflows/cancel-windows.yml""",0.00,3715,3028,"""'hosted""","""'ubuntu-latest""",1
"""'Cancel CI for 76713""","""'.github/workflows/cancel-CI.yml""",0.00,3712,2963,"""'hosted""","""'ubuntu-latest""",1
"""'Cancel CI-Windows for 76680""","""'.github/workflows/cancel-windows.yml""",0.00,3702,2964,"""'hosted""","""'ubuntu-latest""",1
"""'Cancel CI-Build for 76737""","""'.github/workflows/cancel-CI-build.yml""",0.00,3695,4036,"""'hosted""","""'ubuntu-latest""",1
"""'Cancel CI-Build for 76719""","""'.github/workflows/cancel-CI-build.yml""",0.00,3694,2088,"""'hosted""","""'ubuntu-latest""",1
"""'Cancel Coverage for 76746""","""'.github/workflows/cancel-coverage.yml""",0.00,3666,2079,"""'hosted""","""'ubuntu-latest""",1
"""'Cancel Coverage for 76720""","""'.github/workflows/cancel-coverage.yml""",0.00,3664,2172,"""'hosted""","""'ubuntu-latest""",1
"""'Cancel CI-Build for 76752""","""'.github/workflows/cancel-CI-build.yml""",0.00,3651,2965,"""'hosted""","""'ubuntu-latest""",1
"""'Cancel CI-Build for 76611""","""'.github/workflows/cancel-CI-build.yml""",0.00,3636,2739,"""'hosted""","""'ubuntu-latest""",1
"""'Cancel CI for 76712""","""'.github/workflows/cancel-CI.yml""",0.00,3634,2195,"""'hosted""","""'ubuntu-latest""",1
"""'Cancel Coverage for 76664""","""'.github/workflows/cancel-coverage.yml""",0.00,3633,2802,"""'hosted""","""'ubuntu-latest""",1
"""'Cancel CI-Build for 76698""","""'.github/workflows/cancel-CI-build.yml""",0.00,3612,2496,"""'hosted""","""'ubuntu-latest""",1
"""'Cancel CI-Build for 76576""","""'.github/workflows/cancel-CI-build.yml""",0.00,3590,4963,"""'hosted""","""'ubuntu-latest""",1
"""'Cancel CI-Windows for 76693""","""'.github/workflows/cancel-windows.yml""",0.00,3587,2261,"""'hosted""","""'ubuntu-latest""",1
"""'Cancel Coverage for 76737""","""'.github/workflows/cancel-coverage.yml""",0.00,3579,3140,"""'hosted""","""'ubuntu-latest""",1
"""'Cancel CI-Windows for 76699""","""'.github/workflows/cancel-windows.yml""",0.00,3569,4623,"""'hosted""","""'ubuntu-latest""",1
"""'Cancel Coverage for 76712""","""'.github/workflows/cancel-coverage.yml""",0.00,3558,2049,"""'hosted""","""'ubuntu-latest""",1
"""'Cancel CI for 76676""","""'.github/workflows/cancel-CI.yml""",0.00,3554,2552,"""'hosted""","""'ubuntu-latest""",1
"""'Cancel CI-Build for 76746""","""'.github/workflows/cancel-CI-build.yml""",0.00,3551,2208,"""'hosted""","""'ubuntu-latest""",1
"""'Cancel Coverage for 76679""","""'.github/workflows/cancel-coverage.yml""",0.00,3545,2604,"""'hosted""","""'ubuntu-latest""",1
"""'Cancel Coverage for 76685""","""'.github/workflows/cancel-coverage.yml""",0.00,3543,2120,"""'hosted""","""'ubuntu-latest""",1
"""'Cancel CI-Windows for 76686""","""'.github/workflows/cancel-windows.yml""",0.00,3534,2067,"""'hosted""","""'ubuntu-latest""",1
"""'Prepare""","""'dynamic/copilot-pull-request-reviewer/copilot-pull-request-reviewer""",0.00,3529,2195,"""'hosted""","""'ubuntu-latest""",2
"""'Cancel Coverage for 76726""","""'.github/workflows/cancel-coverage.yml""",0.00,3528,2426,"""'hosted""","""'ubuntu-latest""",1
"""'Cancel CI-Build for 76656""","""'.github/workflows/cancel-CI-build.yml""",0.00,3499,5223,"""'hosted""","""'ubuntu-latest""",1
"""'Cancel Coverage for 76745""","""'.github/workflows/cancel-coverage.yml""",0.00,3491,6960,"""'hosted""","""'ubuntu-latest""",1
"""'Cancel CI for 76706""","""'.github/workflows/cancel-CI.yml""",0.00,3426,3231,"""'hosted""","""'ubuntu-latest""",1
"""'Cancel CI for 76656""","""'.github/workflows/cancel-CI.yml""",0.00,3423,4927,"""'hosted""","""'ubuntu-latest""",1
"""'Cancel CI for 76685""","""'.github/workflows/cancel-CI.yml""",0.00,3413,2903,"""'hosted""","""'ubuntu-latest""",1
"""'Cancel CI-Windows for 76647""","""'.github/workflows/cancel-windows.yml""",0.00,3398,2899,"""'hosted""","""'ubuntu-latest""",1
"""'Cancel Coverage for 76741""","""'.github/workflows/cancel-coverage.yml""",0.00,3379,1994849,"""'hosted""","""'ubuntu-latest""",1
"""'Cancel CI-Windows for 76660""","""'.github/workflows/cancel-windows.yml""",0.00,3373,2457,"""'hosted""","""'ubuntu-latest""",1
"""'Cancel CI-Windows for 76552""","""'.github/workflows/cancel-windows.yml""",0.00,3364,2578,"""'hosted""","""'ubuntu-latest""",1
"""'Cancel CI for 76752""","""'.github/workflows/cancel-CI.yml""",0.00,3357,5332,"""'hosted""","""'ubuntu-latest""",1
"""'Cancel CI-Windows for 76652""","""'.github/workflows/cancel-windows.yml""",0.00,3342,5743,"""'hosted""","""'ubuntu-latest""",1
"""'Cancel Coverage for 76660""","""'.github/workflows/cancel-coverage.yml""",0.00,3335,3034,"""'hosted""","""'ubuntu-latest""",1
"""'Cancel CI for 76694""","""'.github/workflows/cancel-CI.yml""",0.00,3329,2612,"""'hosted""","""'ubuntu-latest""",1
"""'Cancel CI-Windows for 76737""","""'.github/workflows/cancel-windows.yml""",0.00,3323,2960,"""'hosted""","""'ubuntu-latest""",1
"""'Cancel CI-Build for 76660""","""'.github/workflows/cancel-CI-build.yml""",0.00,3316,2851,"""'hosted""","""'ubuntu-latest""",1
"""'Cancel CI for 76742""","""'.github/workflows/cancel-CI.yml""",0.00,3312,13135,"""'hosted""","""'ubuntu-latest""",1
"""'Cancel Coverage for 76611""","""'.github/workflows/cancel-coverage.yml""",0.00,3311,2503,"""'hosted""","""'ubuntu-latest""",1
"""'Cancel CI for 76667""","""'.github/workflows/cancel-CI.yml""",0.00,3302,3910,"""'hosted""","""'ubuntu-latest""",1
"""'Cancel CI-Build for 76555""","""'.github/workflows/cancel-CI-build.yml""",0.00,3275,1938,"""'hosted""","""'ubuntu-latest""",1
"""'Cancel CI-Build for 76740""","""'.github/workflows/cancel-CI-build.yml""",0.00,3242,2462,"""'hosted""","""'ubuntu-latest""",1
"""'Cancel CI-Windows for 76717""","""'.github/workflows/cancel-windows.yml""",0.00,3221,4819,"""'hosted""","""'ubuntu-latest""",1
"""'Cancel CI-Windows for 76746""","""'.github/workflows/cancel-windows.yml""",0.00,3203,2214,"""'hosted""","""'ubuntu-latest""",1
"""'Cancel CI for 76396""","""'.github/workflows/cancel-CI.yml""",0.00,3173,2170,"""'hosted""","""'ubuntu-latest""",2
"""'Cancel CI-Build for 76661""","""'.github/workflows/cancel-CI-build.yml""",0.00,3167,2312,"""'hosted""","""'ubuntu-latest""",1
"""'Cancel CI-Windows for 76639""","""'.github/workflows/cancel-windows.yml""",0.00,3166,2536,"""'hosted""","""'ubuntu-latest""",1
"""'Cancel CI for 76704""","""'.github/workflows/cancel-CI.yml""",0.00,3150,2923,"""'hosted""","""'ubuntu-latest""",1
"""'Cancel CI-Build for 76744""","""'.github/workflows/cancel-CI-build.yml""",0.00,3145,4725,"""'hosted""","""'ubuntu-latest""",1
"""'Cancel Coverage for 76695""","""'.github/workflows/cancel-coverage.yml""",0.00,3068,2570,"""'hosted""","""'ubuntu-latest""",1
"""'Cancel CI for 76717""","""'.github/workflows/cancel-CI.yml""",0.00,2968,1877,"""'hosted""","""'ubuntu-latest""",1
"""'Cancel CI-Build for 76723""","""'.github/workflows/cancel-CI-build.yml""",0.00,2916,2351,"""'hosted""","""'ubuntu-latest""",1
"""'Cancel CI for 76741""","""'.github/workflows/cancel-CI.yml""",0.00,2907,1662167,"""'hosted""","""'ubuntu-latest""",1
"""'Cancel Coverage for 76549""","""'.github/workflows/cancel-coverage.yml""",0.00,2898,2821,"""'hosted""","""'ubuntu-latest""",1
"""'Cancel CI for 75879""","""'.github/workflows/cancel-CI.yml""",0.00,2891,2006,"""'hosted""","""'ubuntu-latest""",1
"""'Cancel Coverage for 76555""","""'.github/workflows/cancel-coverage.yml""",0.00,2880,1743,"""'hosted""","""'ubuntu-latest""",1
"""'Cancel Coverage for 76733""","""'.github/workflows/cancel-coverage.yml""",0.00,2842,2247,"""'hosted""","""'ubuntu-latest""",1
"""'Cancel CI for 76745""","""'.github/workflows/cancel-CI.yml""",0.00,2840,7276,"""'hosted""","""'ubuntu-latest""",1
"""'Cancel CI for 76726""","""'.github/workflows/cancel-CI.yml""",0.00,2822,2534,"""'hosted""","""'ubuntu-latest""",1
"""'Cancel CI for 76740""","""'.github/workflows/cancel-CI.yml""",0.00,2808,2385,"""'hosted""","""'ubuntu-latest""",1
"""'Cancel Coverage for 76752""","""'.github/workflows/cancel-coverage.yml""",0.00,2786,2156,"""'hosted""","""'ubuntu-latest""",1
"""'Cancel CI-Build for 76720""","""'.github/workflows/cancel-CI-build.yml""",0.00,2774,2093,"""'hosted""","""'ubuntu-latest""",1
"""'Cancel CI-Windows for 76532""","""'.github/workflows/cancel-windows.yml""",0.00,2771,2512,"""'hosted""","""'ubuntu-latest""",1
"""'Cancel CI-Windows for 76677""","""'.github/workflows/cancel-windows.yml""",0.00,2760,2297,"""'hosted""","""'ubuntu-latest""",1
"""'Cancel CI for 76709""","""'.github/workflows/cancel-CI.yml""",0.00,2750,2756,"""'hosted""","""'ubuntu-latest""",1
"""'Cancel Coverage for 76719""","""'.github/workflows/cancel-coverage.yml""",0.00,2744,2009,"""'hosted""","""'ubuntu-latest""",1
"""'Cancel CI-Build for 76730""","""'.github/workflows/cancel-CI-build.yml""",0.00,2728,1952,"""'hosted""","""'ubuntu-latest""",1
"""'Cancel Coverage for 76667""","""'.github/workflows/cancel-coverage.yml""",0.00,2728,2640,"""'hosted""","""'ubuntu-latest""",1
"""'Cancel CI-Windows for 76713""","""'.github/workflows/cancel-windows.yml""",0.00,2721,3240,"""'hosted""","""'ubuntu-latest""",1
"""'Cancel CI-Build for 75879""","""'.github/workflows/cancel-CI-build.yml""",0.00,2705,1823,"""'hosted""","""'ubuntu-latest""",1
"""'Cancel Coverage for 76648""","""'.github/workflows/cancel-coverage.yml""",0.00,2702,2247,"""'hosted""","""'ubuntu-latest""",1
"""'Cancel CI for 76684""","""'.github/workflows/cancel-CI.yml""",0.00,2700,2353,"""'hosted""","""'ubuntu-latest""",1
"""'Cancel Coverage for 76727""","""'.github/workflows/cancel-coverage.yml""",0.00,2692,2594,"""'hosted""","""'ubuntu-latest""",1
"""'Cancel CI-Windows for 76716""","""'.github/workflows/cancel-windows.yml""",0.00,2692,1888,"""'hosted""","""'ubuntu-latest""",1
"""'Cancel CI for 76681""","""'.github/workflows/cancel-CI.yml""",0.00,2688,2272,"""'hosted""","""'ubuntu-latest""",1
"""'Cancel CI-Windows for 76733""","""'.github/workflows/cancel-windows.yml""",0.00,2687,2454,"""'hosted""","""'ubuntu-latest""",1
"""'Cancel CI-Windows for 76707""","""'.github/workflows/cancel-windows.yml""",0.00,2672,2813,"""'hosted""","""'ubuntu-latest""",1
"""'Cancel CI for 76690""","""'.github/workflows/cancel-CI.yml""",0.00,2659,2790,"""'hosted""","""'ubuntu-latest""",1
"""'Cancel CI-Windows for 76742""","""'.github/workflows/cancel-windows.yml""",0.00,2659,1884,"""'hosted""","""'ubuntu-latest""",1
"""'Cancel CI-Build for 76711""","""'.github/workflows/cancel-CI-build.yml""",0.00,2643,2738,"""'hosted""","""'ubuntu-latest""",1
"""'Cancel Coverage for 76647""","""'.github/workflows/cancel-coverage.yml""",0.00,2638,3168,"""'hosted""","""'ubuntu-latest""",1
"""'Cancel CI-Windows for 76709""","""'.github/workflows/cancel-windows.yml""",0.00,2636,3032,"""'hosted""","""'ubuntu-latest""",1
"""'Cancel CI-Build for 76651""","""'.github/workflows/cancel-CI-build.yml""",0.00,2634,4619,"""'hosted""","""'ubuntu-latest""",1
"""'Cancel CI-Windows for 76576""","""'.github/workflows/cancel-windows.yml""",0.00,2614,2117,"""'hosted""","""'ubuntu-latest""",1
"""'Cancel CI-Build for 76606""","""'.github/workflows/cancel-CI-build.yml""",0.00,2609,2920,"""'hosted""","""'ubuntu-latest""",1
"""'Cancel CI-Build for 76716""","""'.github/workflows/cancel-CI-build.yml""",0.00,2598,2134,"""'hosted""","""'ubuntu-latest""",1
"""'Cancel Coverage for 76675""","""'.github/workflows/cancel-coverage.yml""",0.00,2597,2220,"""'hosted""","""'ubuntu-latest""",1
"""'Cancel Coverage for 76684""","""'.github/workflows/cancel-coverage.yml""",0.00,2596,2469,"""'hosted""","""'ubuntu-latest""",1
"""'Cancel CI-Build for 76652""","""'.github/workflows/cancel-CI-build.yml""",0.00,2591,2688,"""'hosted""","""'ubuntu-latest""",1
"""'Cancel CI-Windows for 76671""","""'.github/workflows/cancel-windows.yml""",0.00,2579,1905,"""'hosted""","""'ubuntu-latest""",1
"""'Cancel CI-Build for 76532""","""'.github/workflows/cancel-CI-build.yml""",0.00,2578,2914,"""'hosted""","""'ubuntu-latest""",1
"""'Cancel CI-Windows for 76661""","""'.github/workflows/cancel-windows.yml""",0.00,2570,2616,"""'hosted""","""'ubuntu-latest""",1
"""'Cancel CI-Build for 76647""","""'.github/workflows/cancel-CI-build.yml""",0.00,2560,2800,"""'hosted""","""'ubuntu-latest""",1
"""'Cancel CI for 76687""","""'.github/workflows/cancel-CI.yml""",0.00,2504,1980,"""'hosted""","""'ubuntu-latest""",1
"""'Cancel CI-Build for 76549""","""'.github/workflows/cancel-CI-build.yml""",0.00,2501,5743,"""'hosted""","""'ubuntu-latest""",1
"""'Cancel Coverage for 76678""","""'.github/workflows/cancel-coverage.yml""",0.00,2486,2527,"""'hosted""","""'ubuntu-latest""",1
"""'Cancel Coverage for 76713""","""'.github/workflows/cancel-coverage.yml""",0.00,2483,2590,"""'hosted""","""'ubuntu-latest""",1
"""'Cancel CI for 76674""","""'.github/workflows/cancel-CI.yml""",0.00,2478,2772,"""'hosted""","""'ubuntu-latest""",1
"""'Cancel CI for 76727""","""'.github/workflows/cancel-CI.yml""",0.00,2477,5099,"""'hosted""","""'ubuntu-latest""",1
"""'Cancel CI-Windows for 76648""","""'.github/workflows/cancel-windows.yml""",0.00,2460,2351,"""'hosted""","""'ubuntu-latest""",1
"""'Cancel CI-Windows for 76396""","""'.github/workflows/cancel-windows.yml""",0.00,2459,2349,"""'hosted""","""'ubuntu-latest""",2
"""'Cancel CI-Build for 76552""","""'.github/workflows/cancel-CI-build.yml""",0.00,2459,2177,"""'hosted""","""'ubuntu-latest""",1
"""'Cancel CI for 76686""","""'.github/workflows/cancel-CI.yml""",0.00,2457,1801,"""'hosted""","""'ubuntu-latest""",1
"""'Cancel CI-Windows for 76678""","""'.github/workflows/cancel-windows.yml""",0.00,2457,2026,"""'hosted""","""'ubuntu-latest""",1
"""'Cancel CI-Build for 76675""","""'.github/workflows/cancel-CI-build.yml""",0.00,2451,2668,"""'hosted""","""'ubuntu-latest""",1
"""'Cancel CI-Build for 76726""","""'.github/workflows/cancel-CI-build.yml""",0.00,2449,2401,"""'hosted""","""'ubuntu-latest""",1
"""'Cancel CI-Build for 76396""","""'.github/workflows/cancel-CI-build.yml""",0.00,2446,2102,"""'hosted""","""'ubuntu-latest""",2
"""'Cancel Coverage for 76709""","""'.github/workflows/cancel-coverage.yml""",0.00,2441,2654,"""'hosted""","""'ubuntu-latest""",1
"""'Cancel Coverage for 76740""","""'.github/workflows/cancel-coverage.yml""",0.00,2431,3977,"""'hosted""","""'ubuntu-latest""",1
"""'Cancel CI-Windows for 76656""","""'.github/workflows/cancel-windows.yml""",0.00,2431,2548,"""'hosted""","""'ubuntu-latest""",1
"""'Cancel CI-Windows for 76745""","""'.github/workflows/cancel-windows.yml""",0.00,2428,2219,"""'hosted""","""'ubuntu-latest""",1
"""'Cancel Coverage for 76690""","""'.github/workflows/cancel-coverage.yml""",0.00,2427,6433,"""'hosted""","""'ubuntu-latest""",1
"""'Cancel CI for 76678""","""'.github/workflows/cancel-CI.yml""",0.00,2426,2020,"""'hosted""","""'ubuntu-latest""",1
"""'Cancel Coverage for 76532""","""'.github/workflows/cancel-coverage.yml""",0.00,2424,1865,"""'hosted""","""'ubuntu-latest""",1
"""'Cancel CI-Windows for 76664""","""'.github/workflows/cancel-windows.yml""",0.00,2424,2658,"""'hosted""","""'ubuntu-latest""",1
"""'Cancel CI-Build for 76667""","""'.github/workflows/cancel-CI-build.yml""",0.00,2419,2152,"""'hosted""","""'ubuntu-latest""",1
"""'Cancel CI-Build for 76664""","""'.github/workflows/cancel-CI-build.yml""",0.00,2406,2272,"""'hosted""","""'ubuntu-latest""",1
"""'Cancel Coverage for 76706""","""'.github/workflows/cancel-coverage.yml""",0.00,2403,3778,"""'hosted""","""'ubuntu-latest""",1
"""'Cancel Coverage for 76606""","""'.github/workflows/cancel-coverage.yml""",0.00,2399,2273,"""'hosted""","""'ubuntu-latest""",1
"""'Cancel CI-Build for 76709""","""'.github/workflows/cancel-CI-build.yml""",0.00,2396,2230,"""'hosted""","""'ubuntu-latest""",1
"""'Cancel CI-Build for 76676""","""'.github/workflows/cancel-CI-build.yml""",0.00,2389,2746,"""'hosted""","""'ubuntu-latest""",1
"""'Cancel Coverage for 76698""","""'.github/workflows/cancel-coverage.yml""",0.00,2388,2343,"""'hosted""","""'ubuntu-latest""",1
"""'Cancel CI for 76733""","""'.github/workflows/cancel-CI.yml""",0.00,2382,2105,"""'hosted""","""'ubuntu-latest""",1
"""'Cancel CI-Windows for 75879""","""'.github/workflows/cancel-windows.yml""",0.00,2380,1750,"""'hosted""","""'ubuntu-latest""",1
"""'Cancel Coverage for 76743""","""'.github/workflows/cancel-coverage.yml""",0.00,2375,1787,"""'hosted""","""'ubuntu-latest""",1
"""'Cancel CI-Build for 76648""","""'.github/workflows/cancel-CI-build.yml""",0.00,2360,5518,"""'hosted""","""'ubuntu-latest""",1
"""'Cancel CI for 76553""","""'.github/workflows/cancel-CI.yml""",0.00,2349,4927,"""'hosted""","""'ubuntu-latest""",1
"""'Cancel CI for 76671""","""'.github/workflows/cancel-CI.yml""",0.00,2348,4258,"""'hosted""","""'ubuntu-latest""",1
"""'Cancel Coverage for 76396""","""'.github/workflows/cancel-coverage.yml""",0.00,2344,2528,"""'hosted""","""'ubuntu-latest""",2
"""'Cancel CI-Windows for 76749""","""'.github/workflows/cancel-windows.yml""",0.00,2338,2037,"""'hosted""","""'ubuntu-latest""",1
"""'Cancel CI-Windows for 76711""","""'.github/workflows/cancel-windows.yml""",0.00,2334,4763,"""'hosted""","""'ubuntu-latest""",1
"""'Cancel CI-Windows for 76651""","""'.github/workflows/cancel-windows.yml""",0.00,2333,3922,"""'hosted""","""'ubuntu-latest""",1
"""'Cancel Coverage for 76711""","""'.github/workflows/cancel-coverage.yml""",0.00,2333,4877,"""'hosted""","""'ubuntu-latest""",1
"""'Cancel CI for 76730""","""'.github/workflows/cancel-CI.yml""",0.00,2328,2005,"""'hosted""","""'ubuntu-latest""",1
"""'Cancel Coverage for 76699""","""'.github/workflows/cancel-coverage.yml""",0.00,2327,1872,"""'hosted""","""'ubuntu-latest""",1
"""'Cancel CI-Build for 76686""","""'.github/workflows/cancel-CI-build.yml""",0.00,2326,5716,"""'hosted""","""'ubuntu-latest""",1
"""'Cancel CI for 76555""","""'.github/workflows/cancel-CI.yml""",0.00,2326,1731,"""'hosted""","""'ubuntu-latest""",1
"""'Cancel CI-Windows for 76720""","""'.github/workflows/cancel-windows.yml""",0.00,2324,1842,"""'hosted""","""'ubuntu-latest""",1
"""'Cancel CI-Windows for 76719""","""'.github/workflows/cancel-windows.yml""",0.00,2319,4454,"""'hosted""","""'ubuntu-latest""",1
"""'Cancel CI-Windows for 76744""","""'.github/workflows/cancel-windows.yml""",0.00,2317,3744,"""'hosted""","""'ubuntu-latest""",1
"""'Cancel CI-Build for 76699""","""'.github/workflows/cancel-CI-build.yml""",0.00,2314,2031,"""'hosted""","""'ubuntu-latest""",1
"""'Cancel CI-Build for 76553""","""'.github/workflows/cancel-CI-build.yml""",0.00,2306,2365,"""'hosted""","""'ubuntu-latest""",1
"""'Cancel CI-Windows for 76726""","""'.github/workflows/cancel-windows.yml""",0.00,2306,1721,"""'hosted""","""'ubuntu-latest""",1
"""'Cancel CI for 76707""","""'.github/workflows/cancel-CI.yml""",0.00,2299,2192,"""'hosted""","""'ubuntu-latest""",1
"""'Cancel CI for 76711""","""'.github/workflows/cancel-CI.yml""",0.00,2296,2490,"""'hosted""","""'ubuntu-latest""",1
"""'Cancel CI-Build for 76707""","""'.github/workflows/cancel-CI-build.yml""",0.00,2274,2027,"""'hosted""","""'ubuntu-latest""",1
"""'Cancel CI-Windows for 76676""","""'.github/workflows/cancel-windows.yml""",0.00,2269,2342,"""'hosted""","""'ubuntu-latest""",1
"""'Cancel Coverage for 76651""","""'.github/workflows/cancel-coverage.yml""",0.00,2250,2714,"""'hosted""","""'ubuntu-latest""",1
"""'Cancel CI-Windows for 76694""","""'.github/workflows/cancel-windows.yml""",0.00,2225,2932,"""'hosted""","""'ubuntu-latest""",1
"""'Cancel CI for 76675""","""'.github/workflows/cancel-CI.yml""",0.00,2223,2193,"""'hosted""","""'ubuntu-latest""",1
"""'Cancel CI-Build for 76694""","""'.github/workflows/cancel-CI-build.yml""",0.00,2218,2948,"""'hosted""","""'ubuntu-latest""",1
"""'Cancel CI-Build for 76727""","""'.github/workflows/cancel-CI-build.yml""",0.00,2217,5519,"""'hosted""","""'ubuntu-latest""",1
"""'Cancel CI for 76693""","""'.github/workflows/cancel-CI.yml""",0.00,2214,2004,"""'hosted""","""'ubuntu-latest""",1
"""'Cancel Coverage for 75879""","""'.github/workflows/cancel-coverage.yml""",0.00,2205,1697,"""'hosted""","""'ubuntu-latest""",1
"""'Cancel Coverage for 76704""","""'.github/workflows/cancel-coverage.yml""",0.00,2180,2131,"""'hosted""","""'ubuntu-latest""",1
"""'Cancel Coverage for 76693""","""'.github/workflows/cancel-coverage.yml""",0.00,2179,2219,"""'hosted""","""'ubuntu-latest""",1
"""'Cancel Coverage for 76652""","""'.github/workflows/cancel-coverage.yml""",0.00,2176,2063,"""'hosted""","""'ubuntu-latest""",1
"""'Cancel CI-Build for 76685""","""'.github/workflows/cancel-CI-build.yml""",0.00,2142,2428,"""'hosted""","""'ubuntu-latest""",1
"""'Cancel Coverage for 76677""","""'.github/workflows/cancel-coverage.yml""",0.00,2142,5846,"""'hosted""","""'ubuntu-latest""",1
"""'Cancel CI for 76698""","""'.github/workflows/cancel-CI.yml""",0.00,2140,2129,"""'hosted""","""'ubuntu-latest""",1
"""'Cancel CI for 76720""","""'.github/workflows/cancel-CI.yml""",0.00,2139,1779,"""'hosted""","""'ubuntu-latest""",1
"""'Cancel CI-Windows for 76695""","""'.github/workflows/cancel-windows.yml""",0.00,2137,2475,"""'hosted""","""'ubuntu-latest""",1
"""'Cancel Coverage for 76671""","""'.github/workflows/cancel-coverage.yml""",0.00,2136,4831,"""'hosted""","""'ubuntu-latest""",1
"""'Cancel CI-Build for 76733""","""'.github/workflows/cancel-CI-build.yml""",0.00,2136,1873,"""'hosted""","""'ubuntu-latest""",1
"""'Cancel CI-Windows for 76706""","""'.github/workflows/cancel-windows.yml""",0.00,2134,2444,"""'hosted""","""'ubuntu-latest""",1
"""'Cancel CI-Build for 76681""","""'.github/workflows/cancel-CI-build.yml""",0.00,2128,2249,"""'hosted""","""'ubuntu-latest""",1
"""'Cancel CI-Build for 76743""","""'.github/workflows/cancel-CI-build.yml""",0.00,2127,1865,"""'hosted""","""'ubuntu-latest""",1
"""'Cancel CI-Windows for 76712""","""'.github/workflows/cancel-windows.yml""",0.00,2125,1535,"""'hosted""","""'ubuntu-latest""",1
"""'Cancel CI-Build for 76706""","""'.github/workflows/cancel-CI-build.yml""",0.00,2124,2313,"""'hosted""","""'ubuntu-latest""",1
"""'Cancel CI-Windows for 76555""","""'.github/workflows/cancel-windows.yml""",0.00,2120,1687,"""'hosted""","""'ubuntu-latest""",1
"""'Cancel CI-Build for 76678""","""'.github/workflows/cancel-CI-build.yml""",0.00,2117,1923,"""'hosted""","""'ubuntu-latest""",1
"""'Cancel Coverage for 76686""","""'.github/workflows/cancel-coverage.yml""",0.00,2113,1883,"""'hosted""","""'ubuntu-latest""",1
"""'Cancel CI-Build for 76745""","""'.github/workflows/cancel-CI-build.yml""",0.00,2112,6340,"""'hosted""","""'ubuntu-latest""",1
"""'Cancel CI-Build for 76749""","""'.github/workflows/cancel-CI-build.yml""",0.00,2111,2648,"""'hosted""","""'ubuntu-latest""",1
"""'Cancel CI for 76552""","""'.github/workflows/cancel-CI.yml""",0.00,2106,1916,"""'hosted""","""'ubuntu-latest""",1
"""'Cancel CI-Windows for 76675""","""'.github/workflows/cancel-windows.yml""",0.00,2105,2166,"""'hosted""","""'ubuntu-latest""",1
"""'Cancel CI-Build for 76741""","""'.github/workflows/cancel-CI-build.yml""",0.00,2101,1971609,"""'hosted""","""'ubuntu-latest""",1
"""'Cancel CI for 76648""","""'.github/workflows/cancel-CI.yml""",0.00,2101,5413,"""'hosted""","""'ubuntu-latest""",1
"""'Cancel CI-Windows for 76611""","""'.github/workflows/cancel-windows.yml""",0.00,2101,2656,"""'hosted""","""'ubuntu-latest""",1
"""'Cancel CI for 76661""","""'.github/workflows/cancel-CI.yml""",0.00,2100,2072,"""'hosted""","""'ubuntu-latest""",1
"""'Cancel CI-Windows for 76698""","""'.github/workflows/cancel-windows.yml""",0.00,2100,2391,"""'hosted""","""'ubuntu-latest""",1
"""'Cancel CI-Build for 76679""","""'.github/workflows/cancel-CI-build.yml""",0.00,2093,2184,"""'hosted""","""'ubuntu-latest""",1
"""'Cancel CI for 76699""","""'.github/workflows/cancel-CI.yml""",0.00,2093,1980,"""'hosted""","""'ubuntu-latest""",1
"""'Cancel CI for 76716""","""'.github/workflows/cancel-CI.yml""",0.00,2092,1795,"""'hosted""","""'ubuntu-latest""",1
"""'Cancel CI for 76737""","""'.github/workflows/cancel-CI.yml""",0.00,2091,2370,"""'hosted""","""'ubuntu-latest""",1
"""'Cancel CI-Windows for 76606""","""'.github/workflows/cancel-windows.yml""",0.00,2090,2230,"""'hosted""","""'ubuntu-latest""",1
"""'Cancel CI-Build for 76713""","""'.github/workflows/cancel-CI-build.yml""",0.00,2089,2405,"""'hosted""","""'ubuntu-latest""",1
"""'Cancel Coverage for 76744""","""'.github/workflows/cancel-coverage.yml""",0.00,2088,3579,"""'hosted""","""'ubuntu-latest""",1
"""'Cancel CI-Windows for 76743""","""'.github/workflows/cancel-windows.yml""",0.00,2088,1792,"""'hosted""","""'ubuntu-latest""",1
"""'Cancel CI-Windows for 76553""","""'.github/workflows/cancel-windows.yml""",0.00,2088,4466,"""'hosted""","""'ubuntu-latest""",1
"""'Cancel CI for 76677""","""'.github/workflows/cancel-CI.yml""",0.00,2084,5693,"""'hosted""","""'ubuntu-latest""",1
"""'Cancel CI-Windows for 76549""","""'.github/workflows/cancel-windows.yml""",0.00,2082,5406,"""'hosted""","""'ubuntu-latest""",1
"""'Cancel CI for 76651""","""'.github/workflows/cancel-CI.yml""",0.00,2082,1428,"""'hosted""","""'ubuntu-latest""",1
"""'Cancel CI for 76679""","""'.github/workflows/cancel-CI.yml""",0.00,2079,2219,"""'hosted""","""'ubuntu-latest""",1
"""'Cancel Coverage for 76656""","""'.github/workflows/cancel-coverage.yml""",0.00,2074,2047,"""'hosted""","""'ubuntu-latest""",1
"""'Cancel Coverage for 76680""","""'.github/workflows/cancel-coverage.yml""",0.00,2069,2633,"""'hosted""","""'ubuntu-latest""",1
"""'Cancel CI for 76746""","""'.github/workflows/cancel-CI.yml""",0.00,2064,1723,"""'hosted""","""'ubuntu-latest""",1
"""'Cancel Coverage for 76694""","""'.github/workflows/cancel-coverage.yml""",0.00,2062,2953,"""'hosted""","""'ubuntu-latest""",1
"""'Cancel CI-Build for 76712""","""'.github/workflows/cancel-CI-build.yml""",0.00,2062,1677,"""'hosted""","""'ubuntu-latest""",1
"""'Cancel CI for 76611""","""'.github/workflows/cancel-CI.yml""",0.00,2053,2316,"""'hosted""","""'ubuntu-latest""",1
"""'Cancel CI-Windows for 76674""","""'.github/workflows/cancel-windows.yml""",0.00,2048,2009,"""'hosted""","""'ubuntu-latest""",1
"""'Cancel CI for 76647""","""'.github/workflows/cancel-CI.yml""",0.00,2033,2198,"""'hosted""","""'ubuntu-latest""",1
"""'Cancel CI for 76664""","""'.github/workflows/cancel-CI.yml""",0.00,2026,2270,"""'hosted""","""'ubuntu-latest""",1
"""'Cancel CI for 76680""","""'.github/workflows/cancel-CI.yml""",0.00,2019,2730,"""'hosted""","""'ubuntu-latest""",1
"""'Cancel CI-Build for 76684""","""'.github/workflows/cancel-CI-build.yml""",0.00,2006,1922,"""'hosted""","""'ubuntu-latest""",1
"""'Cancel CI-Build for 76674""","""'.github/workflows/cancel-CI-build.yml""",0.00,1979,2032,"""'hosted""","""'ubuntu-latest""",1
